source_id,ra,dec,parallax,parallax_error,parallax_over_error,pmra,pmdec,phot_g_mean_mag,phot_bp_mean_mag,phot_rp_mean_mag,radial_velocity,radial_velocity_error,l,b,distance_pc,distance_ly,x_pc,y_pc,z_pc,x_au,y_au,z_au,bp_rp
3384529341302871296,100.98300597068413,25.131074836391473,3.747653899374491,0.18397632,20.370306,-4.853370650365749,-11.780095106031592,2.6483977,3.6414475,2.2281804,,,189.53606511995986,9.629022445650634,266.83360492998213,870.2938124954325,-46.024300507139124,237.15001427092375,113.32169789611785,-9493193.415390754,48915701.68648932,23374278.03213336,1.4132671
3211922645854328832,76.9620005509911,-5.086810304091459,36.24560427650994,0.35752305,101.37977,-88.48137357389295,-70.49687410279232,2.7777147,3.0676498,2.6321695,,,205.33789803649717,-25.316108432328974,27.589552442586267,89.98498066464165,6.199612687159586,26.77245181911661,-2.446227729486255,1278761.9081921107,5522214.5806144355,-504570.6880543029,0.43548036
3098404220680931968,124.1286317978316,9.185323935788704,10.102592897316667,0.3141416,32.15936,-45.67916058543277,-49.50480605477476,3.0001826,3.9670346,2.3685577,,,214.2532906519098,23.047302966859576,98.9844894438544,322.8438513904977,-54.82339562002881,80.88671960605338,15.800728923756349,-11308137.061826494,16684083.527518997,3259134.2861171924,1.5984769
3288921720025503360,72.46212402119102,6.9613310085374644,124.61980141424488,0.22457013,554.926,463.9544034849098,11.937009936843957,3.0879216,3.513966,2.7081478,,,191.4532108364966,-23.063051919374917,8.024406945377248,26.172084716764612,2.4002188848484787,7.595011223875432,0.972553668977469,495080.6826408078,1566583.5166604887,200603.59385622587,0.8058183
3352485999058854912,101.32182967483567,12.89474308933157,54.189438370902394,0.2369236,228.72115,-114.56401293447146,-191.67097112394018,3.2463484,3.5377839,2.8452327,,,200.7398850660983,4.501092872087301,18.45378047942569,60.18811226047565,-3.5314794585707765,17.638351391252968,4.1181582066756155,-728419.9254150863,3638171.1278766235,849431.1035772538,0.69255114
867815979158660352,116.11171060337323,24.39777124966751,22.090679593280267,0.17271562,127.90203,-28.40301618189953,-50.67451959821298,3.3391395,3.914924,2.7291882,,,195.84816090819493,21.9719804995727,45.26795999088179,147.6441675878604,-18.144286993966595,37.01794510127326,18.69879118274142,-3742527.836818843,7635499.264832781,3856902.53574267,1.1857357
872128538640246144,113.98046139731666,26.89527337662016,12.876056855002979,0.22875261,56.28813,-32.84069129467204,-106.00246713633416,3.3864715,4.363603,2.5457609,,,192.60580090390815,21.06111431103247,77.66352783782956,253.30425585475137,-28.1502374606953,63.28453950540938,35.13196189671272,-5806403.268684249,13053373.263882602,7246487.305024841,1.8178422
866177431955478144,110.03059448904996,21.982238707455554,53.769203794860104,0.24028201,223.77539,-27.72219816147847,-14.70169052772772,3.4571264,3.693509,3.1301932,0.15482982,0.5414069,195.98492486466918,15.884939698459377,18.59800646881797,60.65851397843794,-5.907108200997604,16.20272141022469,6.9615900639543895,-1218428.52709978,3342051.1883520423,1435931.0239930798,0.56331587
873035017257455104,111.43103524485525,27.797701341122824,24.020129776646378,0.18732563,128.22661,-122.05952761424837,-85.13295243832346,3.50655,4.076443,2.8370216,,,190.8464670230513,19.268092649056626,41.63174842511684,135.78444539342408,-13.456045731651528,34.281110673171405,19.4150138092584,-2775508.6623662305,7070986.642466229,4004634.0568540054,1.2394216
3296627028792695168,73.13318318973232,14.250398248921895,5.812463129775632,0.20349878,28.562643,1.4220855326657342,-54.86312884963143,3.52523,5.0386367,2.5430396,,,185.4280204711486,-18.389958059811185,172.04410207391734,561.1321615602059,48.38222761712973,159.5768727351466,42.35038131228067,9979550.793295106,32915092.696801703,8735393.185403598,2.4955971
2952868119987647744,103.54687424806049,-12.038691754586718,12.06755142240872,0.131349,91.87395,-136.65366375608644,-14.321891727028381,3.5294538,4.373004,2.7008822,,,223.9818898101309,-4.856655805423361,82.86685218867682,270.27521042450076,-18.983894878855804,78.78959281032573,-17.283720423324148,-3915709.394311586,16251520.075840833,-3565023.2400751933,1.6721218
3366754155291545344,106.02717676046669,20.570294274158407,3.0729129856354085,0.2177457,14.112393,-7.738172506163677,-0.9432405550932031,3.5395133,3.973537,2.9866095,-0.8314237,1.9254998,195.74646508236353,11.903072013197205,325.4241186374572,1061.3902883831847,-84.11890366592257,292.83318582354826,114.33981072854856,-17350769.34558421,60401180.264256135,23584278.87800079,0.9869275
2996171698248699904,86.73885705541909,-14.821953605720934,44.79397747617685,0.24658585,181.65672,-14.203038489174677,-0.775630781844922,3.5410435,3.6519601,3.4082112,,,219.39927710006262,-20.826537520026196,22.324429674320353,72.81246684857628,1.2277111678904922,21.546645435109728,-5.710950539584221,253233.60586896582,4444314.640623693,-1177968.1051229348,0.2437489
3019816764523863552,93.71386334648815,-6.2748597203681555,5.10558442089515,0.17742045,28.77675,-5.601054411480297,-18.661875956694807,3.5708857,4.2923098,2.7992406,,,214.4047413230749,-10.978995634155389,195.86396337065608,638.822068371197,-12.61083917700496,194.28168908391677,-21.407572707192216,-2601172.296342128,40073474.90824641,-4415628.831379898,1.4930692
3168265196643846400,109.52303150106083,16.540225963939488,32.60681934596957,0.20623088,158.10832,-46.156874360870574,-36.00696515721609,3.5799253,3.6848795,3.439696,-15.336391,0.43125388,200.91681182911975,13.22720531951031,30.668431329951446,100.02692888851644,-9.824852100879763,27.709123253533072,8.730947826914246,-2026521.212566657,5715416.932320088,1800887.2597145885,0.24518347
3207534529304666240,79.40154704838251,-6.844450161811125,6.014663648195368,0.33611774,17.894514,-17.72669751147493,-9.612321510896445,3.5883799,3.592209,3.6262372,,,208.2771530025291,-23.960031671688625,166.26033615363323,542.268061985244,30.361472127744495,162.25932195712468,-19.81395533883832,6262503.158303626,33468387.565177865,-4086921.6540581505,-0.034028053
939307084189685248,103.19723612430526,33.9610470125569,16.87007592104058,0.25981668,64.93069,-1.705015450988899,-47.193285454891964,3.593621,3.688492,3.4316213,33.3693,0.56354374,182.10540742529597,15.015319015159768,59.27655599657301,193.33404397618264,-11.224565174146248,47.86656385481262,33.11361188694681,-2315232.758079632,9873187.507399537,6830172.731820378,0.25687075
2995725777563537792,89.10103276512667,-14.16708077541103,66.85733766272052,0.17594825,379.98297,-41.4740727699853,139.22152520681215,3.635856,3.8544617,3.3150194,-1.8705802,0.12812948,219.75460448156917,-18.471306446517524,14.957221375531939,48.783874949579946,0.22753107988174215,14.500529392444196,-3.6607851921711143,46931.65405077805,2990948.8820298,-755091.1474708477,0.5394423
3041619014955371392,115.31146191996875,-9.551220883265277,22.38391398947461,0.13483427,166.01057,-74.98900125078534,-19.838261463870978,3.6608422,4.217195,2.9928858,,,227.18617553638637,6.521681062224766,44.674939354673235,145.70999520162803,-18.83549176615687,39.826168241908086,-7.412879294714058,-3885099.0550609445,8214736.866140533,-1529016.1096256122,1.2243092
3287731945364911232,72.80151646339951,5.60510830642511,3.8715039967063936,0.284066,13.62889,-1.6997668475238794,1.002702742630287,3.6682577,3.627015,3.7638545,,,192.89029552362248,-23.52227043430003,258.29755073241057,842.4529595668009,76.00896636915827,245.5683050741321,25.22834296723412,15677974.702394957,50652098.80586468,5203719.267838011,-0.13683939
2939555954755196160,99.17128532129774,-19.256190699068565,48.849033225640284,0.13230371,369.2189,62.660136796820936,-69.81644623373384,3.673236,4.2477813,2.9954019,,,228.6887625446293,-11.795966850288227,20.471234208072552,66.7681586436811,-3.080292643924211,19.078880489522422,-6.751262585329279,-635355.9646222545,3935301.5828685276,-1392547.8674180023,1.2523794
3232262786334597888,73.56290684709873,2.4406776157180046,3.294487559717264,0.26320437,12.516842,0.5607949932899607,1.3403827524370322,3.692016,3.627683,3.8042023,,,196.26693876879025,-24.56246217232526,303.5373428715636,990.005256016177,85.81175683773525,290.86797011041625,12.926131277245329,17699945.376654636,59995825.42643881,2666205.9602315403,-0.1765194
3296329370379163520,74.09247641162624,13.51426918734195,18.090350443745088,0.12631278,143.21869,-74.40773924713935,-44.90936769102837,3.7191608,4.344914,2.9813063,,,186.62621580300555,-18.052544970246238,55.27808889660065,180.29280362159682,14.731420341570619,51.689291183225876,12.917799493572089,3038573.5588585176,10661681.618185597,2664487.4064885452,1.3636076
3143460557918325248,112.04053009037109,8.925573994135036,3.1339523529566757,0.17135233,18.289522,-62.11233875163366,11.140643881453558,3.7767541,4.577993,2.928388,,,209.0480222627702,12.182645535270057,319.08589773439485,1040.7178006145928,-118.2909541751358,292.1851402233996,49.506606891736396,-24399260.714489277,60267511.264262326,10211470.666242272,1.6496048
3334901543952614528,84.2270617541914,9.289315600777243,28.672196661235088,0.18594953,154.19344,98.30098899709097,-305.0218131954691,3.7976506,4.329805,3.1169736,99.029495,0.17789975,195.8463141835969,-11.947387965629488,34.8769929215784,113.75340503330324,3.4621442444001835,34.24504531588285,5.629836924452289,714118.5109152205,7063547.628541784,1161237.221033788,1.2128313
3360277997443303424,108.34287487123926,16.158780011535235,5.030954301355951,0.26529083,18.96392,12.727174275590265,-41.44666476046514,3.8033657,5.3263693,2.6965218,,,200.78249572898147,12.039467537412152,198.7694461328099,648.2984747289274,-60.08208572344198,181.216450568904,55.317571659220064,-12392819.75582113,37378576.020603575,11410068.186680125,2.6298475
3015112126066981376,80.98671811819419,-7.8082568853521925,19.45004933376947,0.14239872,136.58865,-14.338617837878951,-43.71485804389538,3.8751557,4.372749,3.2218924,-18.166475,0.16954252,209.9814109006317,-22.981701710555974,51.413751340146206,167.68903482096724,7.9799735294783245,50.30808883060993,-6.984987297531095,1645987.691942982,10376788.182876525,-1440757.0498377157,1.1508565
3066513435671608064,126.41483546720484,-3.90653144815045,25.343764773149612,0.20508912,123.5744,-66.73801888294923,-23.451618587708083,3.9022553,3.8787022,3.867877,,,227.7790256771151,18.89156702265809,39.457436925844874,128.6927979798586,-23.36858787995273,31.67920498463659,-2.6881965693246803,-4820117.245552402,6534305.0703903,-554480.3438616208,0.010825157
3456177332896378496,87.76035890286224,37.30536699975672,5.735845053078788,0.20554428,27.905642,36.42610257420188,-45.60646119046204,3.9505138,4.989957,2.9734526,,,173.39580777836667,5.275869765095841,174.34222695106405,568.6276337345124,5.419291275496773,138.56879002796316,105.66235758544246,1117809.0635978344,28581864.59277256,21794425.68886392,2.0165043
878467085735262720,115.82834518488663,28.882490119929923,27.121043168963787,0.30663002,88.44875,61.6921627589912,-229.21290165930364,3.9680505,4.601342,3.2515385,75.36036,5.1166463,191.19056977265365,23.2744019730416,36.87173807327438,120.25938603026877,-14.065963565124116,29.060145179829064,17.809595718488662,-2901313.245963394,5994085.207849277,3673492.805812495,1.3498037
3087964941891149952,120.56627842916214,2.335041455668743,12.523434116871659,0.11418241,109.679184,-28.19364407946657,105.64962706325069,3.972009,4.6455307,3.1947732,71.893074,0.18150952,219.0669186116755,16.8004751029661,79.85030229470308,260.4365519523118,-40.572935219020465,68.69733283955719,3.253331369493592,-8368768.6118018245,14169842.030868694,671047.7637823101,1.4507575
886479673643853952,107.78471823693071,30.244948146711195,8.326143649272213,0.15906294,52.344963,-30.724555286397873,-48.51522842745486,4.020316,4.658226,3.2660778,21.740417,0.21241483,187.2187888465224,17.198776000242617,120.10362085062151,391.72516562155306,-31.691099245149783,98.79674253440268,60.495930728065176,-6536758.437727567,20378290.93229052,12478181.415413802,1.3921483
3231949906557374592,74.63709025339023,1.7139847288632826,4.209299594321308,0.13930589,30.216236,-0.5890913494946594,-6.481771092460663,4.0206532,4.737463,3.2221005,14.87088,0.15103032,197.5582982994304,-24.019287570969922,237.5692149233289,774.8462486253326,62.91151729310386,228.97768720908354,7.105746374972181,12976431.909627713,47230038.2305103,1465665.3975188404,1.5153625
3436911415277140224,93.84416519301544,29.496916029568094,18.27027873304325,0.16092099,113.53571,-72.40370064255875,-261.10098698227085,4.028311,4.555668,3.3513443,20.736773,0.12378778,182.72777016624434,5.919582279006113,54.73370245804848,178.51725458907256,-3.193878255820015,47.53205614742737,26.949600458095727,-658784.6788243338,9804190.340030214,5558754.110266627,1.2043235
3220275601329091584,82.43326172652218,-1.0923515777061004,6.516968438386555,0.13885738,46.93282,0.7544002118196506,-25.45906885229497,4.0526423,4.9672766,3.1179302,,,204.3054711583396,-18.61715488474688,153.44557971306918,500.4719649689579,20.202186231053084,152.08175539692658,-2.9252829529991713,4167000.023724036,31369113.773086514,-603382.9207954812,1.8493464
3372552842178783616,97.24075374613999,20.212076430854843,4.447477074560435,0.44097963,10.085448,-4.669146333913291,-14.40180549838631,4.058969,4.060721,4.1768317,,,192.42075488311283,4.345428608161361,224.84657778676345,733.3506042461961,-26.594276244009325,209.3179097166144,77.68359341163139,-5485463.230180993,43174918.040022984,16023391.324433029,-0.1161108
2936152657031151232,105.93956041805528,-15.63333782648228,7.581934670812383,0.18675485,40.598328,0.9308180910701649,-11.435146488302223,4.0905623,4.019892,4.1477423,,,228.25190258555892,-4.406212661685146,131.89245798300354,430.175165259045,-34.880776335570324,122.12980525946006,-35.54240540977261,-7194676.563985804,25191080.58866031,-7331147.356620098,-0.12785006
892160231749198848,112.27878982917893,31.785435445699783,56.11172845740712,0.3924087,142.99309,137.99727516179132,129.0353821378184,4.094832,4.248306,3.7680123,-2.673891,0.25062525,187.13303769378652,21.345722343075355,17.82158610136333,58.12617236476258,-5.743125147152243,14.017964838103556,9.387337562384047,-1184604.594311079,2891412.7978462516,1936277.3611616585,0.4802935
2940472157174944128,99.47255555907883,-18.237519694472578,6.787632050649171,0.10540156,64.397835,-7.1659155643697225,-8.777129602341436,4.103014,4.6859584,3.3734558,-1.0907485,0.12853828,227.86973402179126,-11.106968066572993,147.32678385304632,480.51514514374173,-23.02837091584673,138.01820748984036,-46.10693846630664,-4749942.459453168,28468298.792359672,-9510238.718006676,1.3125026
3070413334696277248,122.14845610026155,-2.9838010657739247,3.245003372447236,0.12537193,25.883013,-17.44525421984508,-3.016174975691749,4.10911,4.5821123,3.4732683,30.469198,0.16073804,224.72219525539927,15.655822014404794,308.16608959202557,1005.1021911697669,-163.75743335348332,260.56193696657726,-16.04115956361065,-33777395.22171417,53744757.37939529,-3308726.665403195,1.108844
3083024286391515136,120.30585724131599,-1.3929416337388272,7.853704573509436,0.122403644,64.162346,66.33483110090262,-75.31424010991311,4.11286,4.941818,3.235639,27.247936,0.3736107,222.35633571630154,14.813094330312596,127.32844616704865,415.2893668805992,-64.23296952049563,109.89576143032207,-3.095230127765011,-13249000.996948944,22667627.911647666,-638437.0418288052,1.7061791
181124307088367232,79.54421715459993,33.37089798909463,9.508961546577417,0.56514585,16.825678,28.50489186356625,-158.4207454554608,4.116195,4.7994523,3.320582,-23.696577,6.618098,173.0755598606907,-2.4848647365651093,105.16395456030972,342.99854763572375,15.938241239392013,86.36697875474006,57.84613025722733,3287498.2372243935,17814468.11765258,11931620.835357726,1.4788704
3024622798567336064,90.01400467055427,-3.074586031087469,9.781727816501277,0.24730511,39.55328,10.753519046927737,-73.70066393225315,4.1242394,4.784511,3.3564107,23.413914,1.3059611,209.78688474912184,-12.82867887781602,102.23142769450719,333.43393531129686,-0.02495221446454989,102.0842685525684,-5.483274562826174,-5146.763675800777,21056391.848647423,-1131006.5639460757,1.4281003
3117007476387801216,94.99828976992926,-2.944485599254175,6.52817407737921,0.14977863,43.585484,-5.767706336924917,1.7907977005546398,4.1348667,5.172185,3.1524034,,,211.9725199759446,-8.336658925103636,153.1821897129095,499.61290268003705,-13.32853262870844,152.39821772244912,-7.868716428252349,-2749207.1969252164,31434388.81326673,-1623039.2675424838,2.0197816
594595517273147648,129.41372353647762,5.703754203252759,18.430135068748182,0.32408234,56.868683,-68.86737551400812,-7.550789069945696,4.136101,4.1307116,4.075959,15.471297,0.8337816,220.25486522210744,26.181283818785527,54.258962089523216,176.96886039270532,-34.27930124102392,41.71193062620808,5.392524167202026,-7070613.420295359,8603703.278500268,1112287.9511982375,0.05475235
944939847899350784,99.13682410093567,38.445417469878024,2.0387256186369243,0.16614002,12.271129,0.49967635724855586,-19.75812860633194,4.140064,5.678183,3.0007062,,,176.51544908625024,13.783859840717248,490.5024937434161,1599.8033134937762,-61.00209515583421,379.2876991248576,304.9791501851888,-12582585.322911683,78233703.67817514,62906465.24699284,2.677477
3110959269077522816,107.96608069087159,-0.4927431185499252,7.876772202912782,0.28544092,27.595106,-1.0379499381722628,5.411545930570296,4.140848,4.131581,4.065399,17.137283,0.3891614,215.70475951096506,4.318037569641873,126.95555669747644,414.07316550222123,-39.158489909185235,120.76064760730969,-1.0918030324016716,-8077018.32437105,24908671.5511561,-225200.54066854253,0.06618166
3352697277091090688,100.99702771797898,13.227767550614903,10.381568592567856,0.15036716,69.041466,-0.4520692232453667,-52.27885669015153,4.142492,4.746411,3.404355,12.335712,0.1856936,200.29856028448472,4.369143965065153,96.32455741956933,314.1683234973705,-17.887171915144688,92.04701548300224,22.04124278769039,-3689494.0449659675,18986059.791480456,4546332.667601857,1.3420558
3235349837027282560,78.3228576353283,2.8612556511130616,13.329032820170259,0.30939284,43.08126,6.01414046921624,3.699791079618975,4.15373,4.752714,3.4328778,41.274864,4.8295193,198.51597741600673,-20.265280514960086,75.02419819139034,244.69592385311105,15.165714585589209,73.3798759442127,3.7450262724604673,3128153.1768479287,15135685.8759371,772467.1175539615,1.3198364
3162840378069441024,112.44909255645561,12.006478158198602,5.5409286072712485,0.124217704,44.60659,0.6220967821413945,-19.161409947836585,4.1581807,4.8062615,3.390803,-16.321312,0.15829885,206.3761606229019,13.879133392574708,180.47516416070047,588.6305764199742,-67.4090661827889,163.1497368996713,37.5428558418802,-13904117.958834115,33652048.83056174,7743769.876911386,1.4154584
3126448158102337920,101.96512252574546,2.4121056302134387,8.274389940121798,0.20035665,41.298306,-17.30910905091379,-15.92137102753083,4.171695,4.7233877,3.4884017,11.739707,1.2045053,210.37749202135043,0.3043276549610442,120.85483126086272,394.1752834471794,-25.032967841668782,118.12438116667953,5.086387138095921,-5163420.2554660505,24364902.565215208,1049142.6562802503,1.2349861
3399063235755057792,88.59482419468164,20.275852148021837,114.94966074779107,0.5279793,217.71623,-179.01353012437752,-90.72993621907472,4.241686,4.5441318,3.7479024,-15.424911,0.18918045,188.45787351770417,-2.7334048805730804,8.699460211492765,28.37381144739634,0.2001132641299189,8.157944767718561,3.0147138868752292,41276.32360378448,1682696.8948721841,621829.3750218252,0.79622936
3182891931108590336,77.2866079914086,-8.754093892653277,3.625643135607145,0.23200797,15.627235,1.7255058603081221,-2.2761716545328756,4.243453,4.117129,4.385517,,,209.14021904269165,-26.685555181277206,275.81313510397143,899.581088929709,59.99225029410594,265.9167876890366,-41.97710597069272,12374289.868417205,54849274.624822326,-8658399.619486377,-0.26838827
3306483944378137088,69.53990118480833,12.510770912489667,22.030957747168554,0.19201577,114.735146,104.69464756654698,-14.860823838208058,4.253432,4.3026667,4.1162796,,,184.7371655088593,-22.24036864191147,45.390673046364554,148.04440358110077,15.489790204900038,41.517444472825005,9.832670209868793,3194998.571594407,8563587.629803022,2028133.813300566,0.18638706
671619021218304640,116.530669625217,18.509768411353402,10.508646623110893,0.37691447,27.880718,-77.97203630156811,-51.68015140175476,4.289497,5.1258736,3.4084952,78.36147,4.036398,201.8575131548163,20.13457944900978,95.15973234848087,310.36917663851125,-40.3068078871316,80.73469589159326,30.210011219401036,-8313875.909318469,16652726.385548482,6231262.103427579,1.7173784
3134103267293244416,101.83251606752333,8.037203392130476,6.378310577804334,0.26745945,23.847767,-24.42753558824287,-11.916104768228092,4.2939324,5.0322695,3.4795086,46.253067,0.13579212,205.30745558093557,2.7489220969706913,156.781327563425,511.35170672776445,-31.832475923228433,151.9426459208041,21.920549713275967,-6565919.470804384,31340420.38398135,4521437.934022224,1.5527608
2950869585804006656,99.8196865986581,-14.145791459248672,3.1086159925314516,0.11626866,26.736492,4.864060695302847,-6.6562774209594755,4.315678,5.0969687,3.466753,28.828669,0.14177717,224.26428743403895,-9.044552464348357,321.68656482580406,1049.2000323732493,-53.19941204495714,307.36205959905925,-78.61700112902705,-10973166.404767148,63397975.5949604,-16215920.486180546,1.6302156
3315870440783129600,88.11013009741379,1.8551024303849013,2.542363555105165,0.11690126,21.747955,-6.890413790357494,-7.97262300312634,4.3293777,5.0279174,3.533597,11.019701,0.13242099,204.40939294409196,-12.222175751052204,393.334776213245,1282.8849727060713,12.964781178931199,392.9147879656,12.733028926909816,2674178.074704695,81044492.51425563,2626375.7414014414,1.4943204
3289827339649866880,72.65301717691803,8.900050277516753,14.905823589304033,0.17042921,87.460495,1.5137343257899207,-29.45068631635609,4.3418336,4.3401723,4.274595,,,189.82281328379935,-21.828611675986625,67.08787300539164,218.81112307946515,19.761926057587395,63.26547379847687,10.37924891002434,4076189.8444546093,13049440.679540915,2140873.7628518823,0.06557751
671137503843195392,114.86916409899563,17.67451650749862,5.108260080960104,0.09636901,53.007286,5.373521850973355,-1.1993459974260705,4.3481183,5.2931614,3.3863099,25.34157,0.1699733,202.01154092192095,18.35390624953715,195.76137161208297,638.4874591951053,-78.44086141260742,169.22478989750877,59.434975901704284,-16179589.061744357,34905118.45860041,12259343.77397971,1.9068515
3131481481815810432,95.94195512368916,4.592916588857125,24.077737858403946,0.26907206,89.484344,-15.12705479523776,7.701184954047805,4.362506,4.4619517,4.1873016,12.39638,0.9200014,205.67482597307898,-4.033123489929758,41.532140846485966,135.45956929926476,-4.285637553858843,41.17634823570492,3.325714963923233,-883976.1986330088,8493231.480626117,685977.9518449226,0.2746501
3345317492480532352,91.89305773198312,14.768382155407096,5.40335238042691,0.20646892,26.170294,7.916058503316693,-20.936255822602313,4.3757653,4.292722,4.525622,,,194.8065389909481,-2.72123997875731,185.07029147726834,603.6178598705993,-5.911658174075923,178.85867760032835,47.176673602276644,-1219367.0264140845,36892250.43664827,9730887.428298913,-0.23289967
3029166186781118336,115.0967001776586,-15.264042654561065,4.691481310896201,0.104365,44.952633,-2.17079679577952,-27.677871971690877,4.3859286,5.2266307,3.50245,0.32085964,0.14556836,232.09001649601208,3.551235595582075,213.15229321652626,695.2089934632934,-87.21862558073032,186.21974653695872,-56.116106912215535,-17990132.88499598,38410579.892814964,-11574777.905723397,1.7241807
3344466195602497536,92.98499231311342,14.208678690697223,4.523465802386487,0.17356877,26.06152,1.0056481798040116,-19.928874807974303,4.3984027,4.3193116,4.54867,,,195.80752690143677,-2.064942499543679,221.0694285502105,721.0312053822245,-11.159878753864316,214.0157436079091,54.26242561542375,-2301890.226149345,44143915.83623111,11192428.69265481,-0.2293582
882055857328202112,116.87625619458441,33.4155709365502,5.554739352578901,0.13927594,39.882977,-17.479936141132917,-28.333610141951237,4.415376,5.4101744,3.4320712,-13.838209,0.22608866,186.76357817846002,25.533684225018618,180.0264488622188,587.1670645510584,-67.93080969325344,134.03657835482426,99.14193384885695,-14011735.28280184,27647028.831261627,20449491.751799315,1.9781032
3101299681479856128,105.4848645988367,-5.722032644277467,3.6784878079862944,0.11117055,33.088688,-15.026298397776438,6.859504193530943,4.417954,5.4495606,3.4161255,1.3070662,0.3344621,219.2194381155126,-0.2807150381266435,271.85083985569264,886.6578252397328,-72.2181304596908,260.67754865545584,-27.10417661791251,-14896058.668950815,53768604.00197316,-5590637.731883461,2.033435
3324424744330466304,98.22594198368961,7.332948162884764,1.2158885929765342,0.111068234,10.947222,-1.6979409673625678,-4.8453154735858295,4.4379134,4.468698,4.3618374,11.075481,0.17042628,204.29683997134518,-0.7510461702888661,822.4437713918904,2682.449707020934,-116.7104178473439,807.3247115315794,104.9725946029089,-24073251.69546133,166522675.0030672,21652151.861085653,0.10686064
3237714611660197632,82.69608787459276,5.94797291098625,10.142818408561459,0.18506,54.808273,9.365506611547488,-38.783349109539635,4.442832,4.19593,4.4005456,,,198.0245611247661,-14.943980512556047,98.59192580593864,321.56348153161724,12.466742460486158,97.2654552418683,10.216622883308254,2571450.21506414,20062440.255965646,2107329.737000738,-0.2046156
3363781591243895040,110.486637288396,20.443552830396566,7.681236482047807,0.112528026,68.26065,-60.473886635444735,-23.693006584303614,4.4577756,5.3414,3.5339606,4.57108,0.1408923,197.62739139791466,15.661462924363814,130.1873731315458,424.6139287109245,-42.69436059812867,114.27249321014564,45.47242011974414,-8806344.006067054,23570393.64312701,9379359.914349522,1.8074396
3224479171721217280,84.79643988939736,4.121470907332876,1.9760860069837427,0.15077141,13.1065035,-0.21003936118291774,0.4360063979559685,4.466577,4.431145,4.5073137,,,200.7341016846554,-14.032180060568352,506.0508482251638,1650.5152045372652,45.777317641062865,502.66199932441293,36.37049098075126,9442249.54243421,103681479.77422217,7501952.266269409,-0.07616854
650828355848334080,126.68299510475792,12.654147928033563,3.557497838975876,0.13062367,27.234713,-18.617252351937793,-103.77144099512759,4.4691615,5.774061,3.3357575,-8.391934,0.5264231,211.95257621411065,26.784954947734153,281.0964462280257,916.8129251594794,-163.8445764465801,219.9505694884657,61.57851762397112,-33795369.77490602,45368061.5451279,12701480.991475986,2.4383037
3232279416447924864,73.34502860953593,2.508153842174132,5.329340283840683,0.1466993,36.32833,30.929473753542993,-15.894570278251269,4.4789944,5.5942574,3.4536512,12.017937,0.27507848,196.0786254383067,-24.71291632837981,187.64048582751266,612.0007029555821,53.72768421693905,179.59638111147433,8.211440916910535,11082130.361836197,37044412.70826032,1693731.2677070138,2.1406062
3164322073068316800,115.51340060203538,14.208461835326624,2.7257722973450464,0.123570204,22.058493,-1.7617557649805922,-9.981418607104116,4.508947,5.830436,3.363905,-15.531686,0.29009137,205.60526012074942,17.512844493674173,366.86850217606906,1196.5636319573798,-153.1844796896546,320.96472803897245,90.0480784136489,-31596566.98539755,66203727.361801416,18573749.424664076,2.4665313
3431061738543669888,88.33188082932026,27.61221929723723,8.168458126322724,0.115689866,70.606514,4.276540521400666,-9.59502706073252,4.5289407,4.5338464,4.5171275,-26.786928,8.390189,182.00813489659143,0.7745793660676336,122.42212477989159,399.2871052971032,3.157825043469104,108.43285470329089,56.74082126223758,651348.1699730963,22365881.739400484,11703634.48993611,0.016718864
3222908175762554496,85.61905824956831,1.4745655288462125,10.674374374826312,0.11485348,92.93906,-54.590239163165705,-14.370656471290198,4.5347657,5.1480517,3.790237,87.34089,0.13059282,203.5351649480857,-14.593235878470674,93.68230538722055,305.55045995874303,7.153775614537096,93.37765338190717,2.41074387061482,1475572.139300025,19260523.559554327,497251.61678805493,1.3578148
3006953165675574272,97.20443082022794,-7.033072532821691,4.720897938485653,0.11333921,41.652824,-6.517724939533211,-2.9556759315086594,4.539529,4.5008135,4.5559583,,,216.66137338903403,-8.213977563370962,211.82410910598404,690.8770412957133,-26.364968658023557,208.57050161718755,-25.936219488584392,-5438165.14544331,43020754.05339188,-5349729.281186279,-0.055144787
3016424530632449280,82.98274667917148,-7.301559457042783,2.456718407704508,0.14029346,17.511282,-0.7035268879099126,-4.885023711195623,4.5462146,4.4143147,4.807469,,,210.43564103926303,-20.983057086581585,407.0470579224313,1327.6084022374848,49.32496785814165,400.72200807470034,-51.732264146084255,10174004.926215824,82654847.2554585,-10670545.428032825,-0.39315414
3235897703054775936,81.70929343540975,3.0956682931066135,2.9942780022218387,0.15331578,19.530134,1.0309516543118633,-1.0186859139323179,4.5534735,4.446615,4.7654867,,,200.08708012973815,-17.219119570843738,333.97032582077276,1089.2642558839996,48.08681096643633,329.9978145968035,18.035506681128183,9918616.735150663,68066935.20823364,3720090.2866946086,-0.3188715
3068999225306100480,119.93373161579888,-3.679597613872835,10.364491746961818,0.114399366,90.599205,-53.772327231946434,-2.687431411402875,4.560082,5.1861773,3.8117592,-29.264458,0.11958931,224.2379017376264,13.385855698186882,96.4832646321643,314.6859565936818,-48.04570878534135,83.44033393929473,-6.1920023815726015,-9910138.80174093,17210804.292563844,-1277192.1699866108,1.374418
3002489423346145408,100.48508738345653,-9.167734831182946,9.511096924550584,0.15860306,59.967926,33.05212867433608,-45.011326056473436,4.574318,5.4562016,3.6502466,-0.3123332,0.12319427,220.04839064880917,-6.26056450248162,105.14034374087211,342.9215395314788,-18.888990762373762,102.06412048245609,-16.75151396353157,-3896134.0151368165,21052236.01087443,-3455247.7778941304,1.8059549
3228743421412376704,76.34886739642991,1.1776099338614843,2.0397879427330197,0.15853253,12.866684,8.533064219846377,-3.6798215174242026,4.5757837,6.33176,3.3593097,,,199.0092494724976,-22.81787091565335,490.2470394349646,1598.970133939503,115.67848621689147,476.2973161583428,10.075421662435454,23860400.517900795,98243373.51572125,2078204.8945704466,2.9724503
3393870689010191744,77.92320767970409,16.045707753738206,8.261306491576097,0.103337675,79.94477,5.194576702506826,7.375630306450441,4.57964,5.4288716,3.6740794,-7.48622,0.12883088,186.62894583376158,-13.566496930992654,121.04622931248002,394.79953967641234,24.3389468608653,113.7558315788048,33.45767592478697,5020268.15250069,23463824.531970847,6901141.033837055,1.7547922
3409207536188836352,75.77426596731988,21.58977916305356,18.385106095758662,0.17715909,103.77738,67.39141151611325,-40.95750272001636,4.583001,4.664591,4.4400234,41.64078,0.22121893,180.77189028867235,-12.064468217062307,54.39185364454841,177.40229417291332,12.42864699371711,49.02493325856864,20.01395502614192,2563592.461001543,10112118.347741608,4128174.5507598887,0.22456741
2949326146358060416,104.02768626148816,-14.043402533581608,3.421917408379425,0.09374645,36.50183,-1.1064889251859162,6.382673259372397,4.5929117,5.3691015,3.741724,18.269094,0.12453355,225.99128659432876,-5.338816149833838,292.233821176177,953.1381417953718,-68.7176730206783,275.04526878020675,-70.91253609536722,-14174037.494381646,56732159.0061672,-14626760.500678917,1.6273775
875981845857570304,120.87941971270504,27.7941453867541,12.747518365271755,0.32402533,39.341118,-32.31463018114105,-46.22097726953001,4.6111827,5.186404,3.9092832,-13.86005,0.8947887,193.89822614407282,27.140621587009008,78.4466412477831,255.85842722811944,-35.61639196348643,59.55919325336973,36.57937459237709,-7346408.178768488,12284965.441922816,7545037.603897991,1.2771211
182640361821885440,81.9120102569552,34.47570666443864,6.435932942088573,0.10952067,58.764553,-1.0503769073215516,-38.93427928422077,4.629645,5.34193,3.8174064,30.350712,0.17883508,173.27588600181832,-0.23979710775310367,155.37762885321214,506.7734591624826,18.021185584396047,126.81400621375519,87.95255679169857,3717136.3484554477,26157266.389763013,18141517.06384369,1.5245235
3059491988786433536,107.55700421152144,-4.236140484834375,16.81100939568404,0.07009748,239.82329,-0.4598688439605496,217.45219078566484,4.632417,5.149992,3.954984,77.810074,0.121413186,218.84734832367263,2.2353647832612342,59.48482785672193,194.01333514436996,-17.894845681186396,56.55892655025769,-4.393981187137876,-3691076.8728298503,11666116.012457151,-906323.6771326438,1.195008
2993876570803825664,91.53877125016398,-14.935196932716986,19.499130927571603,0.11703976,166.60262,-17.00505163982707,13.152253156212744,4.6362815,4.6653023,4.5904465,28.02863,0.54751694,221.50848946906788,-16.637905848673906,51.28433691298562,167.26694190191736,-1.3306353699533073,49.533977089957766,-13.217327103782674,-274463.2464401572,10217116.174868584,-2726269.410900275,0.074855804
3294429586086462848,73.72405121676421,10.150263870053438,27.006698257577813,0.18064722,149.49965,40.78252342076666,-128.34468332078507,4.6363325,4.6684756,4.540912,18.220161,0.3518976,189.3465839624606,-20.253446346750227,37.02785103393414,120.76855781823824,10.215145917486863,34.98758783233738,6.525430541362461,2107025.09093212,7216708.016645031,1345966.664680603,0.12756348
3393017330548004224,76.14236864858779,15.403964175539897,7.806759669030735,0.14018637,55.68844,17.431553477919525,-31.043026152287194,4.6403,4.6201854,4.651616,22.07505,0.68144405,186.18268511269628,-15.345121805348201,128.0941187375065,417.7866539095017,29.577731609018844,119.89820432599863,34.02472112162483,6100845.07225434,24730779.85505047,7018102.5013560485,-0.03143072
659211857132536960,127.89859598008834,18.094166548299846,7.557663930167999,0.10077212,74.99757,-59.63900424232796,-56.615281578019435,4.6407075,5.5965457,3.6692297,44.27553,0.1546273,206.77077813849317,29.97800244878939,132.3160184469556,431.5566331258525,-77.25784037017876,99.24708308888452,41.09466312477967,-15935573.45593389,20471180.339394648,8476382.717068033,1.927316
3222282691086558464,81.18678542582163,1.846446899728481,2.9321394722522793,0.12191846,24.050005,1.0469869361146436,0.43270748150018973,4.6411395,4.602082,4.647058,,,200.95804629617228,-18.28918120374459,341.04789675365095,1112.3481781358378,52.22609740951232,336.8461764845236,10.988904277417802,10772405.850310162,69479511.24442202,2266624.2089341534,-0.044976234
3309979154404035072,69.81913777991349,15.917885549178793,18.230829894846018,0.19464661,93.66117,81.92573483228713,-20.19515376217493,4.641709,4.7120986,4.4777966,39.81455,0.40157354,181.99511824624557,-19.97337102462059,54.85213815102882,178.90353970786953,18.19755472212244,49.510530961604864,15.043715823388721,3753515.094432969,10212280.063752422,3102989.125830405,0.23430204
2991407583086382592,91.24634511639586,-16.484452256410272,3.574193632202335,0.09918336,36.03622,-5.9549275985084655,-3.6802783362162357,4.6582184,5.0128827,4.053983,,,222.8669931517263,-17.52852833651176,279.78338694085335,912.5303035108096,-5.8354615515865005,268.21991458199506,-79.38997681195352,-1203650.3448584485,55324328.64659178,-16375358.165462092,0.9588995
3221269181884277504,80.44061364362146,-0.3824599223200895,2.8587254462644163,0.15811196,18.080387,-0.07712764229851093,1.563365766358336,4.6692405,4.587218,4.8225145,,,202.6340730194308,-20.0265296140596,349.8062401573857,1140.9140406477227,58.090954492894966,344.94114630688523,-2.335003992072142,11982119.45883181,71149218.6244073,-481629.145433986,-0.23529673
3159656089318576896,105.90862231366559,10.95176697337774,5.51062561724225,0.16480975,33.436283,-2.3257588717790947,-11.40185486829483,4.672274,5.3919926,3.848251,19.59236,0.12903097,204.50352180706645,7.649195874507217,181.46759904557663,591.8674623430909,-48.83507544074222,171.3389983272996,34.47568073672812,-10072957.36178006,35341205.25021478,7111119.598879164,1.5437415
3155059306081172992,108.91439297203007,7.977756338340574,5.78959034606704,0.13516644,42.833046,23.088380146637498,2.8406461462754757,4.6743164,6.0678253,3.4950085,,,208.52545254690259,8.989541476853992,172.7237922246633,563.3490117682728,-55.44742980807526,161.81603539217718,23.97210082793903,-11436853.352561262,33376953.147856563,4944600.726687284,2.5728168
868802550325278336,116.02874660307612,25.78407088430397,5.0246524233166445,0.078382395,64.10435,-13.326048777268777,-20.07873074785762,4.6903043,5.553533,3.776018,0.9649409,0.1734933,194.41870146932254,22.39078138117953,199.0187411490496,649.1115653820941,-78.63883243578215,161.02839793220485,86.56932725323017,-16220423.516433114,33214491.25997704,17856205.491438035,1.7775152
873217295669693952,112.45302715083615,27.916023564899124,7.717975698153333,0.35238165,21.90232,-29.312401981978034,-21.779265324414435,4.6931624,5.255656,4.0165725,,,191.07322527255576,20.154009559469642,129.56765337305586,422.59267553542406,-43.72687670782663,105.81129415456671,60.66058921008467,-9019315.74112578,21825146.061400637,12512144.66526381,1.2390833
3414635344059244032,79.819245998672,22.09617227187294,14.010789709283745,0.09947055,140.85365,11.173087418016188,-75.07717099997859,4.702397,5.17219,4.0818543,17.776825,0.123110965,182.53732550540596,-8.697310874732729,71.37356428505854,232.7891623295755,11.689006154060877,65.09020737250006,26.848048683072836,2411030.586700173,13425818.996188495,5537807.553092575,1.0903358
