denomination,number_mp,num_observations,osc_epoch,semi_major_axis,eccentricity,inclination,long_asc_node,arg_perihelion,mean_anomaly,x_au,y_au,z_au,vx_au_day,vy_au_day,vz_au_day,heliocentric_distance_au,velocity_magnitude_au_day
koussa,23070,807,2205.0,3.1364328763355993,0.11403578694070071,0.1041459621146612,1.309507719056075,1.3340807762037572,-1.8503252203216887,2.717582457580348,1.7468555281934885,0.5114167225789585,-0.005882663427064518,0.006262446027171519,0.0035734623215265488,3.2708264573746493,0.009305567806573047
churyumov,2627,786,2126.0,3.1067018679251546,0.1761434003902648,0.04363811295029563,1.9129516752584115,-0.7907802000114827,-2.552553635614505,-0.08545580737195414,-3.3109409577434845,-1.3743990498610172,0.008330941452691072,0.0006122181422657689,-0.0001163128387552613,3.5858897736734465,0.008354216014584796
woodard,7549,682,2129.0,2.999120599569703,0.0945610120627383,0.16914685885364644,3.939576447220663,-3.0942091104953993,-2.130644245217057,0.401800906945641,-3.023998535311364,-0.8528798869857078,0.009127551899354533,0.0015088511021489948,0.0016075599691946093,3.167556662794269,0.009390052416170197
mannucci,2219,671,2317.0,3.151120992506938,0.11908671001476562,0.13236366102526342,1.2666820357291426,-1.14093456275716,0.5835272602293843,1.855862383983476,2.0437785008419085,0.7231106569488495,-0.007453506636503099,0.006392566138693079,0.004129761694882389,2.853794801835168,0.010652445478596872
lilaea,213,670,2229.0,2.751601298842468,0.14617515463890934,0.11873352341916799,2.1312724732605215,2.8340037352249032,2.825238066816117,-0.0533257629733277,2.950544721045995,1.0685986774114091,-0.008953535613333506,-0.00010927060391887059,0.0009203087492708586,3.1385443952976813,0.009001372575229663
maxfrisch,14836,669,2166.0,3.1849917776390053,0.11002557932132087,0.26618689142866203,2.5128927141455755,1.3913967924265274,-1.6893457737906974,-1.395783689063695,2.8459846701043916,0.7760251648694996,-0.0078955636103817,-0.005101957028255099,0.0002674644431498375,3.2634423398669377,0.009404330251118085
francylemp,22860,656,2158.0,2.4025670897699074,0.19521646313494717,0.008490469571153847,4.642563460972026,1.4924887036633687,2.121931777005743,-1.72945443127959,1.9143719998762223,0.8126725391830903,-0.008373900776043254,-0.004606808063227539,-0.0020713406546198684,2.704860336454544,0.009779332638064683
cari,7680,641,2147.0,2.6982411139057905,0.21126537457348216,0.15187853130473106,3.6743672622405907,3.0343775237817643,-1.613155104462428,-0.07897195236644361,-2.7260379322842394,-0.7843290765942224,0.009756971335479914,0.001493039140435984,0.0012081492134768457,2.837726462840322,0.009944208366595868
kanuchova,24455,626,2124.0,3.0530759346202307,0.04987912132094485,0.20459308139050325,1.0792211292080856,0.9611948918651149,2.802398288154824,0.47925117321030164,-2.7206960001461575,-1.609950036934943,0.00915132844845941,0.0019304233366404216,-0.0008339869847588296,3.1974689261447993,0.009389828588476767
nicaragua,11908,622,2214.0,3.046634277283119,0.06608900989840065,0.04169061313214595,1.1935225117292658,2.544553546031157,2.9026337335550405,3.0018611364356023,1.161001130298362,0.3969560066288037,-0.0033511083848831347,0.007791904561357766,0.0036640013466164786,3.2429412542004528,0.009239513513629892
susanna,542,618,2214.0,2.910777069512061,0.13906058779103558,0.21084419631302875,2.6704846968220757,-2.5082843917935786,2.788083223647134,-3.264946854574756,0.25187577894615587,0.37577869070314096,-0.0012487521685452026,-0.008550212360945242,-0.0017956679980825532,3.2961384976368775,0.008825527573751326
esterantonucci,22744,617,2200.0,3.2157636118663877,0.09870590838220411,0.0821163788979713,2.8501484282277816,1.1413690852076017,2.750813633456871,3.0348473374714295,1.695999993139665,0.5060887797645841,-0.0041358121875646895,0.007253787442098569,0.0025911213006292997,3.5132378501164387,0.008742784699426744
eduarda,340,612,2205.0,2.7468862734768233,0.11462710998227363,0.08163293752430878,0.4721278547244818,0.7278665136012336,-0.33533283849795714,1.749958357899877,1.5537864184099113,0.7392494083027544,-0.008429890784320621,0.006847211097006043,0.0039336811273014164,2.4541997017550763,0.01155080974017942
johncleese,9618,611,2193.0,2.3687358036081534,0.14034046549386187,0.1390826870842492,0.5996870179817337,-0.8056414744569658,-1.2431067863219571,-0.36793668090491827,-1.9851400653474875,-1.1142069667324848,0.011438950015383056,0.00022644469862894765,-0.0009060805694313136,2.305995586491518,0.011477013403070946
aaronburrows,22656,611,2165.0,2.469022186162546,0.16716775250175467,0.054289448437379484,2.532312896608307,2.538095930162033,-3.0892250219974855,-1.1125235783685896,2.470697691124254,0.9798513078063199,-0.008499740198920748,-0.0034928304445318286,-0.0010502703288927803,2.881347667110397,0.009249244062470742
galya,2317,608,2220.0,2.5228514852073998,0.16543023895363723,0.07276791977779329,3.2680156376019736,-2.71626499873454,-1.51929038311087,0.697645159787952,-2.3364129503112157,-0.8115675447155518,0.00961690422013903,0.0042449650620030544,0.0015802409006248767,2.569859164038595,0.010630227488674086
matsumotomas,9573,606,2206.0,2.9178973334748703,0.0902002707769785,0.04420870878373684,0.6808879620366284,-0.7606060495707752,-2.8192064861782162,-3.111039111317377,-0.579538114582618,-0.17943124470765678,0.001987881279720215,-0.008123239272037874,-0.003919825294299701,3.169641044342045,0.009236001222979143
hooghoudt,6072,606,2205.0,3.1546479364846056,0.01854959873969691,0.1599005984826316,3.2980687481906883,2.090642054523023,-2.051996757456279,-3.1406390884822404,-0.4736738085985255,-0.2019861418744226,0.0016891022418048388,-0.00916395336991691,-0.002307528101198768,3.182574298043033,0.00959978091870349
veteraniya,2011,601,2191.0,2.386593916251444,0.1492802913648803,0.10797931341233591,5.909116082319379,0.05721015511342376,2.0779494307096984,-1.0796636161178867,2.081129750475856,1.114416336559905,-0.009711193443841831,-0.002509596792038675,-0.0018410778858095416,2.5959002934388775,0.010197790051964412
vespa,6062,601,2162.0,3.2125846961893867,0.1593253987442648,0.04879217708254502,2.039149579537431,2.7032236922137027,-2.4886744358007005,-1.7998786776618432,2.903854234674966,1.2683215533894647,-0.0068958286736033395,-0.0045201800075832825,-0.0015180982732174184,3.6442519442724786,0.008383859657925537
peterhobbs,65213,598,2202.0,3.065713065749299,0.0646790891383815,0.22286456540352617,3.1946867237690744,0.4020020603122139,-3.0064398104435437,2.7414841640253647,1.7315589184280893,0.35951625948029514,-0.0050565375169709555,0.0075788477692776066,0.0013699615275202344,3.2624045810445415,0.009213267593926952
coleman,11821,597,2166.0,3.0722134501023484,0.04576895870327052,0.16765326437803552,0.21547445218778893,1.674556470708452,-2.238688629715883,2.8851412002685053,-1.0302645844662288,-0.787223302907682,0.00358483909384057,0.007486825873220376,0.004677616190716372,3.163100597219924,0.009528049444262013
victorplatt,3237,596,2213.0,3.0144951887578655,0.06600414535812628,0.15898723287523975,4.8924552125501215,-0.3481239962157011,1.9859500407593091,2.8642500798293162,0.8149956082480153,0.8801729182607336,-0.0028715146170206485,0.008491322671628363,0.0034748194101495438,3.105293984038454,0.009613663549481285
ashida,9227,589,2220.0,3.0763780259273807,0.037404582850284106,0.06348644289479988,5.875019335821776,-2.6470524369775763,-2.5676557913021414,2.578965904461255,1.62181726976649,0.8912514033096478,-0.005684556758291867,0.006859062712987936,0.003301157827733982,3.1742220238647305,0.009500451033637955
totanus,8770,586,2263.0,3.1139710161548164,0.12263009974017837,0.036695995567565864,1.2935934894848256,1.1253852113936718,2.3591293746692177,0.7454218625880631,-3.0242506657938715,-1.3762406520981156,0.008781568043887992,0.0012662902526828469,0.0002247314981423431,3.4052583125610862,0.00887524267610366
nigricollis,8751,583,2229.0,2.896035774223374,0.04708779958219572,0.043906527145778806,2.598201730989118,2.5210796828661444,2.635417238183316,0.16714843785854605,2.8079880422534162,1.0899042262614778,-0.009663991041559907,0.0006188369828708247,0.0004765281528238973,3.01672449324418,0.009695502108872576
asaramas,4756,581,2202.0,3.019357105287312,0.06401430719952286,0.16059743287488093,4.178630841101577,0.04137952334911151,2.6075609008182785,2.6073611981671023,1.5878300189205004,0.9209610171424201,-0.004992300662768234,0.007691431345672478,0.001874897855054513,3.1886840203739952,0.009359296128425327
slade,8074,580,2127.0,2.7863203206753853,0.15012414368682026,0.13495592636188403,4.729026123644907,2.4787414150833285,-2.2115001186059167,0.2108229827054241,-2.820051517029445,-1.1989896198606609,0.00906589840655047,0.0010331426908737062,0.001793520309750729,3.0715977922362323,0.009299172696486955
nielsabel,8525,576,2192.0,2.405243230479639,0.1625330809021357,0.05345576889185821,1.4496014524144716,1.3525820366474044,-1.2501632340817312,0.7861730789619759,2.0357032872676832,0.8526324859830913,-0.011180433705281247,0.0016400578296358725,0.0013727600667761512,2.3428909791176182,0.011383161148102672
donskoj,5613,575,2139.0,3.111816630733172,0.1687279447820422,0.02868276287279059,0.18226131718688343,0.7989408770721108,0.9251733566062817,-1.7067929660983936,2.076644744686809,0.98059804663735,-0.009327755448266056,-0.004525818099478165,-0.002062237667473954,2.861322797907863,0.01057085026709629
oburka,15870,574,2156.0,2.6384268022500703,0.1681824838978496,0.19890603702372278,3.6448819253163123,1.4986783164687618,-2.750353000108631,-1.9767665749311931,2.305093579464609,0.355660667176788,-0.0064912929716136976,-0.005921840940923727,-0.0020524849150382056,3.0573774729383354,0.009023180087939129
novotna,5897,569,2231.0,2.576967102710908,0.18087037569836503,0.05548164079484463,5.403060486706437,1.5557040802246553,-2.8861928661754197,-1.9836077006825332,-2.0326196241854464,-1.0620117303648202,0.006995112396840535,-0.00518221633782194,-0.0021364938495380646,3.032179243096178,0.008963903702379603
wightman,5161,566,2167.0,2.8474861424304883,0.08073818407560435,0.026374118301706995,3.5297258507779388,2.6796098035557803,2.2559343921085744,-1.9991375330301968,2.0848373607716355,0.8225175209751996,-0.007570699974120856,-0.005519101422618763,-0.0023159231796238537,3.003270345664953,0.009650879689708345
diluca,10579,566,2233.0,3.059144934999132,0.06135003647622333,0.15521731215441537,4.458655276199788,-2.597849640033462,2.378298199386087,-1.220300140313221,-2.6859410003003634,-1.239349866636891,0.008415658649794908,-0.004163574746392449,-0.0002480355501848229,3.1999061832303557,0.009392560184146827
premadi,12937,565,2231.0,2.6190238061095097,0.1812169877534153,0.19385188917609897,5.0669695103793035,-1.8588678126767515,-2.602310243305733,2.6872507952950246,0.9664690355130582,1.0553084878447474,-0.0045500287604524564,0.0072648276413835155,0.0028150269492753727,3.0445123152873683,0.009022464137091435
neruda,1875,563,2261.0,3.13296598409475,0.1682630655614386,0.23367017409215496,3.3830637475004393,2.424103445854229,2.5941594978163023,-2.2866098566847426,2.7581921833378775,0.3785816718125504,-0.006830925498606555,-0.004649711376191093,-0.0012407363379247061,3.6027118729016303,0.008355883299187518
blueglass,23061,563,2205.0,3.1195524704832036,0.11854636963065046,0.03181691451700952,0.3478656532576956,2.4082198993560184,-1.9785258279326177,2.7726683724423595,1.6331121500557033,0.7336340437980821,-0.005757016354077743,0.006457444506546025,0.0031011676268190478,3.3004490767804997,0.009190161451567133
poor,13227,559,2189.0,3.1574629030819334,0.10415940665193434,0.0915802205628582,6.227208410720968,-3.1187254895482286,-1.7180983038818705,1.2041914172058819,2.634333624015304,1.4479801799518237,-0.009068930410351748,0.002308891643883494,0.0012100516039622044,3.2382768895545717,0.009436138208782726
burdett,3583,558,2193.0,2.4332485579866665,0.17555972059191344,0.0488333984915863,0.5802269338609181,0.5417934793932927,-2.3596614374921554,0.33181529088083567,-2.4701131496714916,-1.2028934172667114,0.009346163667834372,0.002087854491578673,0.0007305529815018627,2.7674018379602803,0.00960435418665585
ulamec,11818,552,2228.0,2.9934619517674084,0.09741541868994268,0.014265738268818717,4.896590972936462,1.328831113970764,1.4724982778905396,-0.11653392629652745,2.741665007414572,1.1953938071832728,-0.009925273846335186,0.0005896060462268608,0.00010555898627856119,2.9932045575121906,0.009943331379073952
susanoo,10604,551,2199.0,3.1767643224678612,0.11322238272972283,0.19403812921257813,0.8865163332529225,-0.024249727425966015,2.238391362756489,-3.362233861058697,-0.5890165721735106,0.2425428766647473,0.00025932113207994363,-0.007671991141041612,-0.004568270072041277,3.4220438491880136,0.00893284875999097
haynes,8082,550,2165.0,2.6184242866525254,0.14981510121095928,0.23674426308463836,4.535484634718115,1.5055964008558307,2.2996084248957294,-1.7771072905371268,2.2634789806047166,0.4175166151563416,-0.007757122895075895,-0.0041865437667238615,-0.0035794804676626776,2.90788024884987,0.009513820722421865
milkey,6789,550,2218.0,2.3379743298291453,0.14082332861625368,0.10764377347432341,2.4101047688548,-1.3320267626020663,-2.1351598895637487,0.7517414388122905,-2.2816812011787366,-0.8357472229467833,0.009416740344666278,0.0041180552923558555,0.0006893392595434405,2.543552184505613,0.010300901257876105
persephone,399,549,2204.0,3.052300778741144,0.07341587293083482,0.22886489845043867,6.045700145497385,-2.8993078701861577,-2.470121440472507,2.670212516751796,1.382964259033997,1.1889017239598867,-0.005535512028203293,0.006178439821867724,0.004154708718333369,3.233591244362559,0.009277748465065192
frankmelillo,30068,547,2187.0,2.7550642006881745,0.16253228256933,0.18609889784359246,1.9791792462389246,-2.7088471236232254,0.7012400114723827,2.3540669051821004,0.6456555907682884,-0.20505623360024047,-0.001179164276038604,0.010817055982340966,0.003974223661445828,2.4496020482727996,0.011584195363778185
mason-dixon,3131,544,2239.0,2.9225266707895887,0.04282451935668573,0.04200338906707368,0.7810674111193094,2.6162588478126168,-1.9895062280764968,0.7072977256501295,2.6271750679321304,1.2102825177390368,-0.009670011720554464,0.0016671391214599942,0.001098630920273278,2.977768070723236,0.009873979411814855
devine,3561,543,2121.0,3.956597940414331,0.12837445696143213,0.16902106766483582,2.057024130502698,3.0745083623154636,-0.4162237444319204,-0.38853831904862035,-3.3143220508532063,-1.0716955038247127,0.00957739946065671,-2.2047023787777945e-05,-0.001529822102897439,3.5048857235377926,0.009698836124337747
ching-sung_yu,3797,542,2202.0,3.2206543572256776,0.14133597737797435,0.014679359788963842,3.1478064160946646,-1.7179525631153232,-0.8511759155814494,2.792295331991105,0.9133890988072844,0.38045029060712,-0.004588930168032052,0.00860345673955818,0.003580507982031691,2.962420512098568,0.010387385877395544
phryne,1291,542,2236.0,3.0120925649588752,0.09393965224344948,0.15893213147572327,3.7591639582657694,2.0755191856178765,-1.357285233108547,-1.231309795799467,-2.5732160111278115,-0.8554579993924954,0.00942774808909909,-0.0034048486215054095,-7.336580783420498e-05,2.97814923096222,0.010024011707327462
slotin,12423,542,2180.0,2.578432059566795,0.17108256373379188,0.08451513187652404,1.4828960355195688,-2.7652644505523183,0.9052880323105921,2.3459533750909953,-0.07617905557976382,-0.2501810160957098,0.0025615759212741147,0.010488193381608085,0.004403773952570867,2.3604853372610766,0.011660064178030952
johnbrooks,16901,542,2222.0,2.644444742364704,0.10329918265502461,0.25035068932787596,2.41377839351465,-1.7481820996651734,2.594197163773385,-2.7696998587594446,-0.7444140163346085,0.30746816151594814,0.0017147490636243371,-0.00920782997519975,-0.002356915519123024,2.884428228553019,0.009658133772508565
paulgerhardt,14372,541,2172.0,2.9973241775507455,0.09363872626353445,0.17104188491286942,3.3537731798894512,-1.7664119650024226,1.4193934733195661,-2.9755103135167777,-0.11768688709539006,-0.13894959944126473,-0.00044022218442088523,-0.009686199429300399,-0.002405274838735439,2.981076788749965,0.009990075175177084
tagaharue,10555,540,2239.0,3.2069119284502516,0.07130077894786192,0.29340486107981656,0.6541867249126723,2.51537772222995,0.19433206742016196,-2.8583356659536996,-0.854180370293972,-0.002636111804746169,0.0021798252652127587,-0.007808575076695043,-0.006354875664397175,2.9832388160092003,0.010300967315023881
raimonda,1450,539,2121.0,2.6113160904669934,0.1717274065636143,0.08488846844311726,1.307941815448678,0.23494903319310895,-2.929067983006894,0.3760424977944478,-2.7388047722241624,-1.2940560966603216,0.008838167628760957,0.0015654675005232607,-7.898116993686678e-05,3.052382794114965,0.008976086761750759
borngen,3859,537,2218.0,3.1979875282260326,0.14073673857736033,0.05034983304142604,2.201471464519386,-0.19210167204089398,1.0773996712322111,-2.967643223453689,-0.6410660277431017,-0.1256268552413467,0.0008144628845371638,-0.009349178063390393,-0.003763189255722764,3.0386928209996404,0.010110987767060941
medon,4836,535,2194.0,5.202563825539356,0.10878222452757905,0.33875500719289264,1.432143190822213,0.606130617909384,2.0589098836311366,-2.2349508512143372,-4.810063788600144,-1.5013039215361845,0.005771528742746495,-0.002361327774915421,-0.00340579657105917,5.512316429829295,0.007105340468434595
pierazzo,15339,535,2236.0,2.9273154711099085,0.08444548464430546,0.05418680033754275,2.2292681082613446,-1.97728534012659,-2.1048727975571384,-1.2466179681530045,-2.6263341661040642,-0.9791084915921809,0.008996512941356295,-0.002908609782844717,-0.001562673835094369,3.067627902610643,0.009583277387602836
popov,3074,534,2194.0,2.3394377068697705,0.11096552498958183,0.0421798380774252,6.086160892147808,2.6436779535094157,0.09190782870731048,-1.741657464393232,1.0318805094696848,0.48306733055190854,-0.006998422973571648,-0.009369120242393123,-0.004595258578050066,2.081226118168477,0.012564821512165572
yoshiewatanabe,15791,533,2207.0,2.380303302569144,0.2011426010701073,0.05849497684080185,1.3475243602272515,-0.3397572925987508,0.0007508656704174708,1.0120315002798945,1.4912984951520607,0.606309494545656,-0.011546996947358393,0.006380681071804905,0.0035880060702366936,1.9015231164458097,0.013671869550374183
troska,17776,531,2216.0,2.4835538354125237,0.08153566424228541,0.1302371352963103,5.595980700624361,-2.163608719207831,-2.997097437552109,2.4446701847235923,0.8525650630650957,0.7084495438462367,-0.004173167539115111,0.008157614834020971,0.004167724825679468,2.6842466829655605,0.010066376573144282
dubinin,6359,530,2200.0,3.212434355758741,0.10060266915218269,0.18735328401904905,1.5592343061124243,0.6295617296862246,-1.7003248171277507,3.0901219556162727,1.1044582336483562,-0.15734736936238983,-0.00351629176078144,0.007683100055526123,0.004078257922670409,3.285337103723246,0.009382245034851142
snyder,15512,527,2192.0,3.0411903579430297,0.02301294810099034,0.24045752877523463,2.221749510571218,3.1089940639829945,1.3783245986209598,2.630890796155895,1.4966254362977607,-0.1247967550354723,-0.004340420241065702,0.008343138472343742,0.003100632948237842,3.029364340573554,0.0099025820934468
boda,1487,527,2201.0,3.1376898593471325,0.12072291808480384,0.04305175866113364,1.6941513785256563,1.8899557652762795,-3.051137452451933,3.0579980274151226,1.6410705948403552,0.5590174937769042,-0.004301242168063719,0.006779426638000781,0.0030966099445951384,3.515247529161079,0.008605248565691148
prometheus,1809,526,2198.0,2.9263062788080227,0.10271439181227908,0.056864297831988875,1.7363860313149284,-2.2411374749801913,0.7703332885457804,2.483369013765264,1.0848851296528712,0.3069525042200001,-0.0036394824414168565,0.00925070227283877,0.004129790258428207,2.7273278576141737,0.01076459439833636
tselina,2111,522,2258.0,3.0156983469558534,0.09515711879474514,0.1833285434167331,2.917714638404009,-2.220066121705833,-2.5273051830978654,-1.1316622298533578,-2.984962753387856,-0.6525860823817953,0.008712312986594625,-0.0025827773177735354,-0.0009678697955657814,3.258301802551124,0.009138485005227036
elbsteel,6828,521,2116.0,2.690799514007955,0.22767087248766973,0.20769305208844724,1.8974998237545404,-0.9524294468759671,-2.506733956416077,-0.6339612727500454,-3.016429322865622,-0.9383621196738204,0.008389012176534767,-0.0001356586042224781,-0.0018211539296580216,3.2219987931141683,0.008585483689953469
sato-norio,15672,521,2165.0,2.4243868640518675,0.1397275352981316,0.03979409714513227,0.08344361894522656,2.662718123868529,1.7979731106292691,0.23040359056723203,-2.281555372066566,-1.0994450135522846,0.010510801011146693,-0.0003703136905080388,-0.00021699143454196205,2.5431004833032183,0.010519560609073204
grant,3154,519,2124.0,3.096332945763147,0.17361897037184024,0.043213635505622516,1.7915540840983086,-0.9356932357560783,-2.3162891577901665,-0.3840290800361285,-3.2141349221611355,-1.3399046535008754,0.00855746713214712,0.0001777587156623798,-0.000316835982028066,3.503353552332745,0.008565175241539422
wendycalvin,5662,519,2230.0,2.9906410565809614,0.024155964034783282,0.14905750739272938,5.373731664461428,-1.6111057427985578,-2.2410138726182174,0.243783270706345,2.6407474905298316,1.4790989246726438,-0.009709217768956769,0.001085090628099132,-0.0007120839211432541,3.036562401924857,0.009795580374177182
arabia,1157,518,2217.0,3.1833117107088786,0.14397717858662293,0.1665741521550521,5.867822919803816,-0.8117464334111704,1.642377309671828,2.5024226299907144,1.6994575854498395,1.2678492335098828,-0.0049491532972144635,0.006887853265269601,0.003942843629121362,3.2798958493745256,0.009353216390467869
scientia,7756,518,2201.0,3.160746870458549,0.01666370728266467,0.29020595544104344,1.8730767457099413,-2.3973433526804904,1.052586855164411,2.539360457241169,1.8327461369424674,-0.151579390354335,-0.004946879327686346,0.00742386395193172,0.003943802442051449,3.1353287301107375,0.009753919661418826
gyoda,5138,518,2126.0,3.0988205316210955,0.16968859402080938,0.013976856517889491,3.3799450953454966,-1.718462525077264,3.120697045862428,0.27379919501001326,-3.3355450686032118,-1.3916497215655679,0.008211732951103941,0.0005401936356113183,0.0002549026807540524,3.62457112654792,0.008233428362526562
benita,45737,518,2196.0,3.192327095267041,0.047354443266943796,0.17800529114040597,3.166504776345267,2.190296568594882,2.430607764618267,0.02599002208990073,3.2216156186316005,0.7583174885300493,-0.009273237273638416,0.00034980558556710036,4.03064520607513e-05,3.309762542671275,0.0092799201554199
nestor,659,516,2200.0,5.181177213639932,0.11651133185504166,0.07894263936604862,6.123773319881693,-0.3202008833695244,-2.0602232485036542,-5.055674132299691,-1.9174277305651866,-1.087071724766395,0.003448127826094971,-0.005489464133206004,-0.0028583171569705585,5.515260190483417,0.007084756802084164
geramtina,1433,515,2130.0,2.7956554725521947,0.17186272878407952,0.14378458489706958,5.6126126735379085,1.6419359829407643,-2.1420833273850777,0.45911512644524427,-2.683017730253185,-1.4961278282192936,0.00880580825540091,0.0018220927383062813,0.0019564246022289724,3.1060858517684222,0.009202710372606653
aristides,2319,514,2208.0,2.90548257398492,0.09079585844380836,0.05183256794062574,1.966802019138854,-1.6295087901379521,0.7975584811774075,0.7937472764595791,2.4355487209928266,0.9574837429175127,-0.009989954682332911,0.003346447709325217,0.0018886720622078403,2.734722550674588,0.010703503584568824
salome,562,514,2135.0,3.0178989867806143,0.10030260164791716,0.19381858117952344,1.2323573426117251,-1.678954684255299,-1.685770278183965,-2.0938652136816613,-2.1588557063378357,-0.6731446275258742,0.0075044630480372845,-0.00468573393982796,-0.003963258149164303,3.081891169950771,0.009694353168269143
davidkulka,20557,513,2185.0,2.3779633679366174,0.10278542112425569,0.10944595987882888,2.9135745337505234,2.024260003573106,-2.8663796129462638,-1.1424144376095664,2.2367002285884094,0.7274776258098853,-0.00896100857714556,-0.004497262973530542,-0.0011714433542202776,2.614796809673787,0.010094420662173333
kongozan,13686,513,2203.0,3.112125712975718,0.18237305262630196,0.02180550393677172,3.501834561437615,2.680493928428979,1.9634065313543019,-1.9152588376807682,2.614117127666348,1.0546260771255815,-0.008020464391090004,-0.00346937844376556,-0.0014873961270318809,3.4079408643675344,0.00886435463378566
abbywilliams,31631,513,2220.0,2.4797558046807326,0.1609712506332065,0.11717110471539716,2.9922803413036716,-2.410775475763904,-1.5436412363495262,0.7277616522230808,-2.318415491893065,-0.7131885185148792,0.009619609174286189,0.004518122157926176,0.0011893209353560957,2.5324543980963763,0.010694147595167685
dalton,12292,512,2198.0,3.1438798807939987,0.09455682461832846,0.10825926780446693,1.2485388180176784,2.0436156408715616,-2.8538174464389745,3.1586572086498994,1.3132458865555277,0.26358841621244156,-0.0035352933829302284,0.00716748962285678,0.0038082613778339528,3.430919552171454,0.008852912600893088
kilopi,3142,512,2160.0,2.553186555288595,0.08872190618509561,0.24771975010390235,5.601952592348621,-3.0035105886621496,1.6767816811602738,-0.631044204342061,-2.0169309557445394,-1.508758618455304,0.009873210137733313,-0.0037469350373071923,-0.000706865872932348,2.5966478076237913,0.010583924601014339
maxwell,12760,512,2187.0,3.0500506865441968,0.0979549143346495,0.17265221317063495,3.2115960614271937,2.6643498094639804,1.7385124631400108,0.1637505266237943,3.0355771088414225,0.7347697696380271,-0.009498227006904678,0.0013955288073224294,0.0002194386129285142,3.1275276550440827,0.00960270640140602
ethel,2032,511,2224.0,3.0683550152213925,0.12962446212895046,0.026429198087468242,0.525555400168054,-1.1286188320541424,2.8729280845174876,-2.3758176594162483,2.264548426149861,1.0786232985837305,-0.00646105190234227,-0.005261389988892913,-0.002331123204861167,3.454868643728667,0.008652257029019967
sadako,7616,511,2126.0,2.9978879539529477,0.11196193352620001,0.16389965162954567,4.089750445092258,2.509152033249067,-1.6305789189528623,0.0897359206039634,-2.9087726017395665,-0.9285908702486694,0.009567687222516733,0.0009025181876142372,0.0016368060301255067,3.0547162860708665,0.009748554346524394
grahamryder,5479,510,2167.0,2.5759117127569793,0.21873232412335197,0.2347439127436326,3.5009308935101213,2.185468844035352,2.7701706350368354,-2.0449609067215793,2.3312940180853747,0.2747021491537427,-0.006869659322360072,-0.005064839119012041,-0.0015419926862857182,3.1132391780153803,0.008673093793527311
szilard,38442,510,2164.0,2.901373390001634,0.07637301819666929,0.015622078434169406,5.622005430917968,-0.03780022224758075,2.7074738336944635,-1.47996716288962,2.496673858210309,1.103651656856137,-0.008405939009742146,-0.0038319996715386255,-0.001806179164427119,3.105113546584665,0.009413092759140726
fabre,1649,510,2193.0,3.0212761725562993,0.045406653308384844,0.188843608092099,2.539051539026782,0.17830637416999695,2.268776749749722,1.0589430766134462,-2.8036953060342737,-0.8416273818670327,0.00907548632703895,0.0031260429301122826,-0.0001950462169130859,3.1129414479707975,0.009600762443676442
penthesilea,271,510,2234.0,3.00334943220771,0.1036042719485386,0.06177646573552997,5.85329496401353,1.0192466268002804,-2.585880132876474,-1.6363781013496568,-2.516763430068582,-1.3105881078067945,0.008066309542046814,-0.0037824814225427225,-0.0016665612566468758,3.275587373560943,0.0090636605056761
benferinga,12655,510,2193.0,3.0394569565781073,0.10319569876180647,0.2046407165865658,2.653639782122636,2.000414283237305,3.0348908824440413,0.4552800257704209,3.2443728887091976,0.7073320326550369,-0.00876464961613583,0.0010797696864896168,0.0011113707924975107,3.3516494368111776,0.008900569111461826
boyce,2611,510,2228.0,3.0388983945841384,0.057716619431858296,0.058034183618348445,1.2585533521867331,2.4821809094427114,-2.3930406805360933,0.9302669941178616,2.7810319276724473,1.2086516499498667,-0.009112900358145075,0.0020052264280192287,0.001465670565484384,3.1718092745316744,0.00944532033186989
chamisso,24711,509,2195.0,2.3078200650011147,0.21881239215518827,0.05066550747053378,5.115573635043426,-0.31123142295202005,0.34065735771083183,1.0851069538628058,-1.382068084604789,-0.5765047544959844,0.011907112694126233,0.006181106223548993,0.0034378009721414632,1.8493044702701182,0.01384932786749866
hermitage,4758,509,2161.0,3.2194702447113497,0.1704861226606117,0.028320490722876457,1.0560925718971435,-1.2746614653637285,-3.086589100053807,-3.7062940285001966,0.5747777217975448,0.3589906635499997,-0.001373635663524798,-0.0072672648315010345,-0.0032347273965023984,3.767739262699459,0.008072389633619165
komatsusakyo,6983,507,2309.0,3.2145016840642304,0.126127498162843,0.13584113599833447,1.9220135166881207,-2.2737301674311716,1.0196839755189533,1.8690515435008939,2.3192761003331115,0.6223320635751493,-0.007119180732877533,0.006349644682106535,0.003381225705054526,3.0429742850035955,0.010120939144412438
stirling,30445,507,2195.0,2.696665479382871,0.15104960561749253,0.21031182768896173,5.017457465123801,-1.2729905953463525,-2.039183776754607,0.30018677761254187,2.561133976145579,1.3795674445654789,-0.009429861617289752,0.0006927121398196977,-0.0017979573822129232,2.9245043476332175,0.009624696929157926
mitsunori,11079,507,2236.0,2.625302674048028,0.2009767500738429,0.24303036875580375,2.037427341984102,-1.269423134401861,-2.65967404871527,-1.3498652953997516,-2.7510908833919534,-0.5342771127524295,0.007986158787073577,-0.002607264333632978,-0.00263931498268821,3.1106413161304935,0.008805824382511247
duccio,11621,507,2202.0,3.200393995603785,0.11674808347623826,0.20218336067104237,5.833790625302505,0.5133964465226417,1.8806954565507186,-1.8664961642766056,2.397752400770594,1.4143045808305106,-0.008078132370857468,-0.0031620674637602196,-0.002977100500661163,3.3516088605352796,0.009171587683574924
jackson,2193,506,2196.0,3.105399707181506,0.074071229876066,0.2040128996740449,0.6389516166360316,-2.330810196521022,1.9683908493990803,2.935865989202761,1.238349661592864,0.3747247844857121,-0.0030524916617730427,0.007297694132604711,0.005157772389115106,3.2083075998152877,0.0094433395055015
caracol,12557,506,2203.0,3.157155509668461,0.0044098745086344725,0.08416795230088892,3.9772396576631284,-1.5698491148922886,-1.769835427185206,2.5536488377862625,1.6852454358337854,0.7900752531005227,-0.005699003022290163,0.007450096645524391,0.0023617993057707736,3.1599673212372927,0.009672676539431343
cecilgreen,4058,506,2162.0,3.0117022830150897,0.09565252882635909,0.18823796489815647,1.0795294349631774,-1.91488582912788,2.8356765395620562,-1.4797788536148775,2.4515577490259473,1.6170947655407382,-0.008038485720208783,-0.004076349685534957,-0.0006888524839958053,3.2885979281685054,0.009039269725894269
